Full_Name,Phone_Number,Message,Response_Type,Priority_Score,AI_Lookup_Instructions
Donald WThompson,17063730127,How much?...,HOT,4,URGENT - Lookup property address and type immediately
Kevin HBerry,12106025844,Make an offer...,HOT,4,URGENT - Lookup property address and type immediately
Kyle ATurlington,19196698729,Make me an offer...,HOT,4,URGENT - Lookup property address and type immediately
James RDaniell,12103259897,Always interested in an opinion of value but I am more interested in finding a tenant for my 1400 SF...,HOT,4,URGENT - Lookup property address and type immediately
Walter WFletcher,18635171986,"Hello,  Do you have any original paintings of Florida landscapes or Florida wildlife that you might ...",HOT,4,URGENT - Lookup property address and type immediately
Austin Hammonds,14077654037,Good afternoon. Thanks for the follow up. I got your voicemail and checked out the website. Seems li...,HOT,4,URGENT - Lookup property address and type immediately
Seema Agarwal,14692316328,How much you want to pay...,HOT,4,URGENT - Lookup property address and type immediately
Mohammed AHameed,14089219667,Hi! I appreciate you firstly for identifying yourself. We are not ready to sell this asset yet. We c...,HOT,4,URGENT - Lookup property address and type immediately
Jayshri APatel,19194555949,"Sure, make an offer...",HOT,4,URGENT - Lookup property address and type immediately
Lawrence BSchechter,15616132795,I'm old school.  I do not do business via text.  If you want to make an offer you will meet me in pe...,HOT,4,URGENT - Lookup property address and type immediately
,13363109065,"yes, tell me more...",HOT,4,URGENT - Lookup property address and type immediately
Christopher Pesce,15165575686,Are you interested in shopping centers in long island?...,HOT,4,URGENT - Lookup property address and type immediately
Elizabeth MDonlon,17045601876,What do you like about the property?...,WARM,3,HIGH - Verify property details and commercial potential
Michael RGoldstein,12108630505,How did you notice my property? What do you know about it?...,WARM,3,HIGH - Verify property details and commercial potential
Mark GSablow,19047035922,No one ever makes any offers. They talk about offers. They constantly ask me about offers and repeat...,WARM,3,HIGH - Verify property details and commercial potential
Marc RCutler,16179627050,Crazy market I get a offer a month 2 in the last 2 days and it's not even on the market maybe people...,WARM,3,HIGH - Verify property details and commercial potential
Eric CLai,12064577807,"Always open to offers, what do you have...",WARM,3,HIGH - Verify property details and commercial potential
Richard PFertitta,19047045444,Send me a cash number...,WARM,3,HIGH - Verify property details and commercial potential
Walter JMartinez,12105593961,"Send me your contacts, background on similar projects.   wmnhmc@aol.com....",WARM,3,HIGH - Verify property details and commercial potential
Mary LOwens,14075297001,Maybe 2026...,WARM,3,HIGH - Verify property details and commercial potential
Dalicia FWelch,14074605839,"That property has a tenant that is renovating the building, if anything changes there I can contact ...",WARM,3,HIGH - Verify property details and commercial potential
Jen LNgo,14047290107,What do you mean ?...,WARM,3,HIGH - Verify property details and commercial potential
Dominic Padula,12016575229,Hello Kyle  Would you please email me at  dspadula@gmail.com  any and all information about you and ...,WARM,3,HIGH - Verify property details and commercial potential
Jonathan Rothstein,15162797198,What do you look for...,WARM,3,HIGH - Verify property details and commercial potential
Loyd TStephensonJr.,17046223281,Sorry for delay in responding to your message. Still in the middle of the possible sale. But do have...,COLD,2,STANDARD - Basic address and property type verification
Robert WHarber,19098107579,Make us an offer...,COLD,2,STANDARD - Basic address and property type verification
Ben DArnold,18033385333,Never intended to sell. Thx...,COLD,2,STANDARD - Basic address and property type verification
Janet SSolitt,19548573954,This property is not for sale...,COLD,2,STANDARD - Basic address and property type verification
Kevin HBerry,12106025844,About what?...,COLD,2,STANDARD - Basic address and property type verification
Polline MDuck,19126045105,I'll ask my husband...,COLD,2,STANDARD - Basic address and property type verification
Daryl PHardman,12107224440,Not really looking for offers...,COLD,2,STANDARD - Basic address and property type verification
Gilles ASensenbrenner,19496776341,The property is not for sale. Sorry....,COLD,2,STANDARD - Basic address and property type verification
Jeff DGill,12105352255,REPORT...,COLD,2,STANDARD - Basic address and property type verification
Jeff DGill,12105352255,Never been open to offers or discussion on that property.  Please take me off your list....,COLD,2,STANDARD - Basic address and property type verification
Sandra Knight,19402064843,I don't own this property....,COLD,2,STANDARD - Basic address and property type verification
Yassine Ouchchy,19196193276,üòÇüòÇüòÇüòÇ...,COLD,2,STANDARD - Basic address and property type verification
Ligia Gonzalez,12533479866,I have never owned that property. Please get me off your list. It is bothersome!...,COLD,2,STANDARD - Basic address and property type verification
Ligia Gonzalez,12533479866,I do not own that. Why do u think I own it?...,COLD,2,STANDARD - Basic address and property type verification
Mary LPittard,12103642463,It's not up for any offers ! Please contact a commercial Real Estate broker .  To help you find an o...,COLD,2,STANDARD - Basic address and property type verification
Fred Jones,17046227349,Asking price is $11.5 million...,COLD,2,STANDARD - Basic address and property type verification
Len BCason,14056279827,"Sorry, I don't own it...",COLD,2,STANDARD - Basic address and property type verification
Melvyn BStein,16192399327,Sailed ....,COLD,2,STANDARD - Basic address and property type verification
Marco EVarela,17044004508,Sorry. Presently not for sale...,COLD,2,STANDARD - Basic address and property type verification
Chirag DGandhi,18567760320,$10 Million....,COLD,2,STANDARD - Basic address and property type verification
Brian ABell,18127460074,I do not live at that property....,COLD,2,STANDARD - Basic address and property type verification
Allison WSelf,17045623899,Not for sale...,COLD,2,STANDARD - Basic address and property type verification
Paul DOlson,14089101701,Kyle. We are buyers at this juncture. Just waiting for Fed to assist. We focus on medical. Let me kn...,COLD,2,STANDARD - Basic address and property type verification
Dale AChesser,17042362941,We have a contract in the property. Brooks Whiteside of Whiteside Properties is my agent....,COLD,2,STANDARD - Basic address and property type verification
Veronica AZayatz,17047565152,Have no clue what you are talking about. I am retired from Hendrick so if it is something they are s...,COLD,2,STANDARD - Basic address and property type verification
Laura KNixon,17045023001,Sorry we're not selling....,COLD,2,STANDARD - Basic address and property type verification
Greg JGodley,17049042383,No it is under contract...,COLD,2,STANDARD - Basic address and property type verification
Greg JGodley,17049042383,I have a 3826 Raleigh Street for sale...,COLD,2,STANDARD - Basic address and property type verification
Catherine WHorne,17049575013,Sorry. It's not on the market...,COLD,2,STANDARD - Basic address and property type verification
Thomas AMussoni,17049041114,No offers wanted....,COLD,2,STANDARD - Basic address and property type verification
Anna-lindsay SYarbrough,17045129107,It was never open for offers and still is no.  Take us off your list....,COLD,2,STANDARD - Basic address and property type verification
Saleh AMoflehi,17042323600,1709 statesville ave  Charlotte nc   Is for sale...,COLD,2,STANDARD - Basic address and property type verification
Chad ASargent,14694416452,Are you looking to lease space...,COLD,2,STANDARD - Basic address and property type verification
Chad ASargent,14694416452,Are you looking to lease space...,COLD,2,STANDARD - Basic address and property type verification
Walter YPang,12103171078,Hasn't sailed yet.. Open to offers....,COLD,2,STANDARD - Basic address and property type verification
Kim AFredenburg,15125638695,Not me...,COLD,2,STANDARD - Basic address and property type verification
Girdhar BSharma,17062941102,"Yes. As long as it is not below $10,000,000.00. It's a 80 Suites hotel franchised  by IHG....",COLD,2,STANDARD - Basic address and property type verification
Clifford RTheisen,18644204420,"I have no idea who you are but that property is not on the market, having said that anything is for ...",COLD,2,STANDARD - Basic address and property type verification
Bruce DCounley,15126270643,"I don't understand your text, I just listed it for lease...",COLD,2,STANDARD - Basic address and property type verification
Marcus MCammilleri,16199909400,Didn't know I own a property at that address....,COLD,2,STANDARD - Basic address and property type verification
Andrea MSoules,12103550155,"Reacted ‚ù§Ô∏è to ‚ÄúHi, reaching out about your property at 214 Broadway St. Still open to offers, or has...",COLD,2,STANDARD - Basic address and property type verification
Haydn HCutlerJr.,18172913308,About what...,COLD,2,STANDARD - Basic address and property type verification
Sachin CShanbhag,18647644197,Not for sale...,COLD,2,STANDARD - Basic address and property type verification
Deidre AWolf,12104888602,Wrong number...,COLD,2,STANDARD - Basic address and property type verification
Brian KSmith,18432408283,Wrong #...,COLD,2,STANDARD - Basic address and property type verification
Beth GWilliams,18039601432,We do not have any property on sunny side...,COLD,2,STANDARD - Basic address and property type verification
William CDorris,18643136998,Sailed...,COLD,2,STANDARD - Basic address and property type verification
Thomas EWicker,17046173600,"Yes, I'm accepting offers. My last offer. I turned down was 16 million....",COLD,2,STANDARD - Basic address and property type verification
Dickson RShreffler,17044514147,We are open for offers. But I also run my business from the building. And we have already turned dow...,COLD,2,STANDARD - Basic address and property type verification
Dickson RShreffler,17044514147,I cash flow right at 5 mil a year...,COLD,2,STANDARD - Basic address and property type verification
Dickson RShreffler,17044514147,My price is 14 million...,COLD,2,STANDARD - Basic address and property type verification
Barbara LCameronRojahn,17046043054,Contact my husband Ben Rojahn 704-572-8476...,COLD,2,STANDARD - Basic address and property type verification
Charles ADrago,12105354501,No...,COLD,2,STANDARD - Basic address and property type verification
Dequang QNguyenSr.,17046171644,Give me an offer!!...,COLD,2,STANDARD - Basic address and property type verification
Nita SShah,17045022630,Go head and offer your best...,COLD,2,STANDARD - Basic address and property type verification
Dalphnah JSwain,12107897680,I do not own nor do I represent that ownership...,COLD,2,STANDARD - Basic address and property type verification
Dalphnah JSwain,12107897680,I do not own or manage the property....,COLD,2,STANDARD - Basic address and property type verification
Michael ETaylor,19124411168,Wrong person....,COLD,2,STANDARD - Basic address and property type verification
Edward JDeseta,18436967155,Sure am.  Figured I'd start getting offers when they were closer to a year out...,COLD,2,STANDARD - Basic address and property type verification
Edward JDeseta,18436967155,They'll probably renew for their last one year option in April...,COLD,2,STANDARD - Basic address and property type verification
Paul EGonzalezJr.,12102435902,Not sure where you're getting your information that Property was never for sale...,COLD,2,STANDARD - Basic address and property type verification
Julie OMedich,18432241394,Please send real estate questions to jmedich @charlestondiocese.org...,COLD,2,STANDARD - Basic address and property type verification
Eric CDudley,17049996986,Wrong number...,COLD,2,STANDARD - Basic address and property type verification
Eric CDudley,17049996986,Report...,COLD,2,STANDARD - Basic address and property type verification
Armando Montelongo,12108504811,Yes...,COLD,2,STANDARD - Basic address and property type verification
Armando Montelongo,12108504811,Yes we are open...,COLD,2,STANDARD - Basic address and property type verification
Edward GZimmerman,17043310706,Sure. Send any written offers to eddiezplayroom@hotmail.com...,COLD,2,STANDARD - Basic address and property type verification
Jennifer RThomas,14074014684,Go away...,COLD,2,STANDARD - Basic address and property type verification
Donald EDaves,18645613006,I don't own this property...,COLD,2,STANDARD - Basic address and property type verification
Charles FPayne,13094045985,Take my number and name off the list...,COLD,2,STANDARD - Basic address and property type verification
Amy DStaley,12103917497,We are in negotiations for a sale to the tenant. We are however still accepting offers if you want t...,COLD,2,STANDARD - Basic address and property type verification
Terri JWolfe,18177034510,Sailed a long time ago...,COLD,2,STANDARD - Basic address and property type verification
Tom PRoberts,13144817480,Not my property...,COLD,2,STANDARD - Basic address and property type verification
John EChapmanIII,19192255900,"Hello Kyle - sure, always open to offers...",COLD,2,STANDARD - Basic address and property type verification
Flemming MHjorting,18057058917,Hi Kyle. What is your interest in the property?...,COLD,2,STANDARD - Basic address and property type verification
Jonathan PBright,18645909151,‚õµÔ∏è...,COLD,2,STANDARD - Basic address and property type verification
James WYoung,15125657509,We sold that property and it closed earlier this year....,COLD,2,STANDARD - Basic address and property type verification
Melissa WHoskins,18175018495,We are. You can reach out to our realtor at Northern Crain...,COLD,2,STANDARD - Basic address and property type verification
James HPlyler,17044581555,Would sell for $5.0 million...,COLD,2,STANDARD - Basic address and property type verification
Prem SKalidindi,19177698014,+1 (725) 210-0161...,COLD,2,STANDARD - Basic address and property type verification
Prem SKalidindi,19177698014,U can talk to  Skyview advisors...,COLD,2,STANDARD - Basic address and property type verification
Prem SKalidindi,19177698014,It is a storage run by cube smart  Listed with broker  What you need from me...,COLD,2,STANDARD - Basic address and property type verification
Don JBeebe,12816302149,Wrong number...,COLD,2,STANDARD - Basic address and property type verification
Trevor WTitman,15127865342,I'm Driving  - Sent from My Car...,COLD,2,STANDARD - Basic address and property type verification
William LHutchinson,19037361540,You have the wrong number...,COLD,2,STANDARD - Basic address and property type verification
John EGalindo,18016780500,Not mine....,COLD,2,STANDARD - Basic address and property type verification
John EGalindo,18016780500,Wrong number....,COLD,2,STANDARD - Basic address and property type verification
Sarah EBates,14096799224,You have the wrong number...,COLD,2,STANDARD - Basic address and property type verification
Ralph CClontzIII,17046348538,No...,COLD,2,STANDARD - Basic address and property type verification
Wael FTarazi,18188222425,For now we want to keep it. Thanks....,COLD,2,STANDARD - Basic address and property type verification
Randall DForsythe,17042315678,"It's 12005, 2.5 acres leased to adjoining west parcel, awaiting NCDOT arbitration over ROW; then dea...",COLD,2,STANDARD - Basic address and property type verification
Emmanuel USarmiento,18646406860,$400k/ acre x 7.18 acres...,COLD,2,STANDARD - Basic address and property type verification
Deepak Kaushik,15734240068,What's the offer?...,COLD,2,STANDARD - Basic address and property type verification
Paul RSeifert,12625019339,"Wrong Paul Seifert, sorry. You want the one who's Chief Legal officer for Continental Properties....",COLD,2,STANDARD - Basic address and property type verification
Jay BLevy,17045912961,Not for sale...,COLD,2,STANDARD - Basic address and property type verification
Nancy LKlish,17045169719,Please contact randy@rkmresources.com...,COLD,2,STANDARD - Basic address and property type verification
Alan HDasher,19125721300,no...,COLD,2,STANDARD - Basic address and property type verification
Ronald EPhillips,18645051277,No...,COLD,2,STANDARD - Basic address and property type verification
Robert BAppleby,19723652031,Sure...,COLD,2,STANDARD - Basic address and property type verification
Robert BAppleby,19723652031,"Always open to conversations.  I'm not going to do your research for you, Kyle. You obviously have m...",COLD,2,STANDARD - Basic address and property type verification
Roy DJones,12104104271,Never owned that property....,COLD,2,STANDARD - Basic address and property type verification
Maxine BCollins,18032292264,Wrong number...,COLD,2,STANDARD - Basic address and property type verification
Mukesh VPatel,18177095986,Not now...,COLD,2,STANDARD - Basic address and property type verification
Evan BGerstein,12148307749,We have no property at that address...,COLD,2,STANDARD - Basic address and property type verification
Augustus MMallios,18033091506,That has never been for sale !...,COLD,2,STANDARD - Basic address and property type verification
William DRatliffIV,18179131121,Who are you trying to reach?...,COLD,2,STANDARD - Basic address and property type verification
William AStubbs,18039206237,No interest in entertaining any offers. That is firm....,COLD,2,STANDARD - Basic address and property type verification
Patricia SNettleship,13104540706,We own 5 Dominion...,COLD,2,STANDARD - Basic address and property type verification
Meredith AClampitt,12145377242,No thanks....,COLD,2,STANDARD - Basic address and property type verification
Ashby RKrouseIII,17068314827,Under contract...,COLD,2,STANDARD - Basic address and property type verification
Marc ESeymour,18323090613,For what?...,COLD,2,STANDARD - Basic address and property type verification
Jeffrey NOttmers,12107105947,I would entertain offers for the business and land but not sell lease back...,COLD,2,STANDARD - Basic address and property type verification
Jeffrey NOttmers,12107105947,Sold it...,COLD,2,STANDARD - Basic address and property type verification
Van HSwafford,18642700125,No...,COLD,2,STANDARD - Basic address and property type verification
John DWheeler,16786376396,No thanks....,COLD,2,STANDARD - Basic address and property type verification
Katherine MCox,12108371974,Contact my husband Mark at 210-241-7028...,COLD,2,STANDARD - Basic address and property type verification
Lee MBoyer,13375528168,Not my property....,COLD,2,STANDARD - Basic address and property type verification
Arthur HBruno,16036619015,Hello.  The property is off the market at this time....,COLD,2,STANDARD - Basic address and property type verification
James AGraganella,14407241330,Wrong number...,COLD,2,STANDARD - Basic address and property type verification
Christopher ALinger,12406206325,Always open to offers...,COLD,2,STANDARD - Basic address and property type verification
Christopher ALinger,12406206325,"We weren't planning to sell yet, but if the offer is right, we can make it happen...",COLD,2,STANDARD - Basic address and property type verification
Suleiman KBeseiso,14196030496,Yes üëç...,COLD,2,STANDARD - Basic address and property type verification
Richard BBaer,15617621985,Please reach back next week...,COLD,2,STANDARD - Basic address and property type verification
Richard BAbramowitz,19545472620,"Still open to offers. It's NOI is 540,000 at 90% of occupancy....",COLD,2,STANDARD - Basic address and property type verification
Daniel JMatyi,19047044305,I'll listen!...,COLD,2,STANDARD - Basic address and property type verification
Kevin Gross,17072355734,I don't think the offers are going to hit our number.   It would be too low of a cap rate for a typi...,COLD,2,STANDARD - Basic address and property type verification
Kevin Gross,17072355734,Still open.  Just got an LOI yesterday too....,COLD,2,STANDARD - Basic address and property type verification
William SMonaghan,16463221660,"Yes, now fully leased to 5 credit tenants at about 10.50nnn, 3.5% bumps, 3 to 5 yr leases, market re...",COLD,2,STANDARD - Basic address and property type verification
Kevin JKlempf,19048851926,Just left you a voicemail...,COLD,2,STANDARD - Basic address and property type verification
Kevin JKlempf,19048851926,There is an operating business in that space.  The building appraised for 11.5 million...,COLD,2,STANDARD - Basic address and property type verification
Amita Gogna,14079281438,Yes we are!...,COLD,2,STANDARD - Basic address and property type verification
Cecil TSpeck,12145622360,Not for sale...,COLD,2,STANDARD - Basic address and property type verification
Deepak Gupta,14089168592,Open to offers. Pls text...,COLD,2,STANDARD - Basic address and property type verification
Leigh BMassengill,17275142392,Do not own that property...,COLD,2,STANDARD - Basic address and property type verification
Sonja AHouston,19546638906,Reach 5619968010...,COLD,2,STANDARD - Basic address and property type verification
Richard SMarshel,15169845027,"it's part of a much larger assembly of buildings around it, so it's not for sale. Is there anything ...",COLD,2,STANDARD - Basic address and property type verification
Raul ABalda,14075920844,No offers at this time...,COLD,2,STANDARD - Basic address and property type verification
Raul ABalda,14075920844,Thank you...,COLD,2,STANDARD - Basic address and property type verification
Marc RCutler,16179627050,Are...,COLD,2,STANDARD - Basic address and property type verification
Daniel PLintz,18188224961,Reach back out end of October...,COLD,2,STANDARD - Basic address and property type verification
Ammie LBoutwell,19044423758,No...,COLD,2,STANDARD - Basic address and property type verification
Saeed SMahboubi,12142446888,Thank you for subscribing to Random Bird Facts. Each morning you‚Äôll receive a new cool fact about bi...,COLD,2,STANDARD - Basic address and property type verification
Saeed SMahboubi,12142446888,Thank you for subscribing to Random Bird Facts. Each morning you‚Äôll receive a new cool fact about bi...,COLD,2,STANDARD - Basic address and property type verification
Saeed SMahboubi,12142446888,Thank you for subscribing to Random Bird Facts. Each morning you‚Äôll receive a new cool fact about bi...,COLD,2,STANDARD - Basic address and property type verification
Samuel HRuk,16177716710,2.4M...,COLD,2,STANDARD - Basic address and property type verification
Jessica CCole,19048918026,Not for sale...,COLD,2,STANDARD - Basic address and property type verification
John BStevens,15126333172,"I don't own it, never have...",COLD,2,STANDARD - Basic address and property type verification
Matthew EHaines,14693238000,"Everything's for sale just don't waste my time and dick around with lowball bullshit and no, I'm not...",COLD,2,STANDARD - Basic address and property type verification
David EGunderson,12149951900,It's available and represented by Tom Dosch at DMRE. 214.206.4154...,COLD,2,STANDARD - Basic address and property type verification
David EGunderson,12149951900,We not longer own that property...,COLD,2,STANDARD - Basic address and property type verification
Kusumben MPatel,12144985256,Make offer...,COLD,2,STANDARD - Basic address and property type verification
Bart LWhaley,17142069226,Forward to  my realtor....,COLD,2,STANDARD - Basic address and property type verification
David BMoseley,12149576781,That ship is not currently being marketed. Thank you....,COLD,2,STANDARD - Basic address and property type verification
Prafulchandra MPatel,13345904279,wrong...,COLD,2,STANDARD - Basic address and property type verification
Craig SHughes,15126239809,The contact is Steve Oden. He can be reached at (512) 813-7111....,COLD,2,STANDARD - Basic address and property type verification
Thomas FAugust,12142131724,No interest in selling...,COLD,2,STANDARD - Basic address and property type verification
Devon ESprague,17168806824,"Contact my listing agent:   Katie Doyle Realtor/Property Manager Heth Realty, Inc 711 Margaret Stree...",COLD,2,STANDARD - Basic address and property type verification
Charles MPintacuda,15616851833,Not for sale...,COLD,2,STANDARD - Basic address and property type verification
Anant KPatel,19033886690,Open for offers...,COLD,2,STANDARD - Basic address and property type verification
Deborah KHall,12819321463,I don't own anything at that address....,COLD,2,STANDARD - Basic address and property type verification
James CRinaman,19048595097,I would consider an offer above $3m cash for the 4 lots and office building.  There are 130 free par...,COLD,2,STANDARD - Basic address and property type verification
Florin IPopa,12142401387,It was not for sale is not for sale...,COLD,2,STANDARD - Basic address and property type verification
Jennifer LSherman,15126958889,We have not had that one for sale...,COLD,2,STANDARD - Basic address and property type verification
Lance SLankford,12149959152,Wrong number...,COLD,2,STANDARD - Basic address and property type verification
Suraj NPatel,18176739284,We are still open to offers...,COLD,2,STANDARD - Basic address and property type verification
Seema Agarwal,14692316328,We are looking for 26 million...,COLD,2,STANDARD - Basic address and property type verification
Ruby KLi,17135740076,No thanks...,COLD,2,STANDARD - Basic address and property type verification
John PMoran,19546140205,It's on the market...,COLD,2,STANDARD - Basic address and property type verification
Suzanne SGaberino,12145627177,No interest at all.  Please take my name off your list...,COLD,2,STANDARD - Basic address and property type verification
David BEitches,13106504333,Closed...,COLD,2,STANDARD - Basic address and property type verification
David BEitches,13106504333,Sailed...,COLD,2,STANDARD - Basic address and property type verification
Kathleen KMcgrath,15618469150,What...,COLD,2,STANDARD - Basic address and property type verification
Kathleen KMcgrath,15618469150,When do they need it...,COLD,2,STANDARD - Basic address and property type verification
Kathleen KMcgrath,15618469150,And the price is 1900 now...,COLD,2,STANDARD - Basic address and property type verification
Ryan MJeffreys,15163123387,We have a PSA on it...,COLD,2,STANDARD - Basic address and property type verification
Terri KCastillo,12104131616,Wrong number...,COLD,2,STANDARD - Basic address and property type verification
Terri KCastillo,12104131616,REPORT...,COLD,2,STANDARD - Basic address and property type verification
Jennifer LSmith,12143009614,Sure.  Throw me out an offer....,COLD,2,STANDARD - Basic address and property type verification
Mordeclai Dombroff,19082421601,Ship sailed...,COLD,2,STANDARD - Basic address and property type verification
John JSnyder,17817104984,Sailed...,COLD,2,STANDARD - Basic address and property type verification
Rajasekhar RGuntnur,12145292952,"üëé ‚ÄúHi, reaching out about your property at 1200 N Britain Rd. Still open to offers, or has that shi...",COLD,2,STANDARD - Basic address and property type verification
Rajasekhar RGuntnur,12145292952,"üëé ‚ÄúHi, reaching out about your property at 901 E Centerville Rd. Still open to Commercial offers, o...",COLD,2,STANDARD - Basic address and property type verification
Venkata SYeluru,12108751456,Please reach 2103492244 Ram...,COLD,2,STANDARD - Basic address and property type verification
Venkata SYeluru,12108751456,"It is still open, please reach Ram as I said earlier...",COLD,2,STANDARD - Basic address and property type verification
David FFurman,15614528318,You can offer all you want...,COLD,2,STANDARD - Basic address and property type verification
Nohra AGagliardi,17864234694,SAILED...,COLD,2,STANDARD - Basic address and property type verification
Kristen MRangel,18064336086,Wrong number...,COLD,2,STANDARD - Basic address and property type verification
Stephen ASchilling,18062257517,Sold it...,COLD,2,STANDARD - Basic address and property type verification
Stephen ASchilling,18062257517,It's gone...,COLD,2,STANDARD - Basic address and property type verification
Patrick WBiernacki,17084219335,??...,COLD,2,STANDARD - Basic address and property type verification
Patrick WBiernacki,17084219335,Who are you?...,COLD,2,STANDARD - Basic address and property type verification
Paul JKarram,19543043877,Not really  But you're welcome to make me a ridiculous offer...,COLD,2,STANDARD - Basic address and property type verification
Paul JKarram,19543043877,One I can't refuse...,COLD,2,STANDARD - Basic address and property type verification
Larry SDavis,17133858401,I am not sure what you are talking about....,COLD,2,STANDARD - Basic address and property type verification
Tonya DRiddle,14694383480,"No problem, thank you!...",COLD,2,STANDARD - Basic address and property type verification
Roger LWooden,13198302184,Wrong person...,COLD,2,STANDARD - Basic address and property type verification
Sean AFogelman,14842019683,Potentially we would entertain...,COLD,2,STANDARD - Basic address and property type verification
James ABryan,12398980416,Sold...,COLD,2,STANDARD - Basic address and property type verification
Michael SMorgan,17132983804,Wrong person...,COLD,2,STANDARD - Basic address and property type verification
Scott RBoatright,19049944280,I don't own property on Shirley Avenue...,COLD,2,STANDARD - Basic address and property type verification
Sabina JGeraci,19044953374,"Yes, we are open to offers: would you like the OM?...",COLD,2,STANDARD - Basic address and property type verification
Tzvi SNussbaum,19802976325,We have it listed as a portfolio with 3 other properties.  We can sell it individually.  Happy to lo...,COLD,2,STANDARD - Basic address and property type verification
Michael CAdrian,17043901038,Not for sale at this time. Thank you....,COLD,2,STANDARD - Basic address and property type verification
Walter ADyer,17035818674,Sitting tight.  Thanks...,COLD,2,STANDARD - Basic address and property type verification
Sally ASuslak,19047074373,Not for sale - I am a Licensed real estate broker...,COLD,2,STANDARD - Basic address and property type verification
Pankaj Balasaria,19043163963,$600k per acre...,COLD,2,STANDARD - Basic address and property type verification
Abraham CCherem,13053430819,"Call the broker, what is your offer...",COLD,2,STANDARD - Basic address and property type verification
Darren JLoblaw,13214003735,Wrong number...,COLD,2,STANDARD - Basic address and property type verification
Neela Hooda,14079249154,Only for lease...,COLD,2,STANDARD - Basic address and property type verification
Michael DRugh,18139564532,Absolutely!...,COLD,2,STANDARD - Basic address and property type verification
Ronen JBazak,13053333955,For now it's not for sale...,COLD,2,STANDARD - Basic address and property type verification
Amy MShumway,13212879913,Are you looking to purchase...,COLD,2,STANDARD - Basic address and property type verification
Marl CWardJr.,18502280463,It can still be bought...,COLD,2,STANDARD - Basic address and property type verification
Mark EOxendine,17043016071,Nichols is handling that property. Ask for George Karres...,COLD,2,STANDARD - Basic address and property type verification
Mohindra PDoobay,14073506221,No...,COLD,2,STANDARD - Basic address and property type verification
Jimella ATriebwasser,17039196368,üëéüèª...,COLD,2,STANDARD - Basic address and property type verification
Dharma TMalempati,18133626952,It's not officially for sale but happy to discuss....,COLD,2,STANDARD - Basic address and property type verification
Dharma TMalempati,18133626952,Great asset.  We are about to start a major renovation....,COLD,2,STANDARD - Basic address and property type verification
Dharma TMalempati,18133626952,I couldn't hear you clearly.  I tried calling back but went to the main line...,COLD,2,STANDARD - Basic address and property type verification
Kayla MBalch,19042081168,I am not working on a property at 9344 Atlantic Blvd....,COLD,2,STANDARD - Basic address and property type verification
Richard SBlaser,13522622399,Still for sale...,COLD,2,STANDARD - Basic address and property type verification
Keith TKoenig,19547326201,No thanks...,COLD,2,STANDARD - Basic address and property type verification
Steven ABagen,13523166161,"Number Che ce l'ha previsto, donne Billing...",COLD,2,STANDARD - Basic address and property type verification
Mark JFreitag,19703432687,Yes gone a long time ago thanks....,COLD,2,STANDARD - Basic address and property type verification
Chau HNguyen,14079704688,Sorry not for Sale...,COLD,2,STANDARD - Basic address and property type verification
Richard Waserstein,17862011455,It's leased...,COLD,2,STANDARD - Basic address and property type verification
Mark RGodley,17049073180,Call Warren Snowden at 704-965-1178. He has listed....,COLD,2,STANDARD - Basic address and property type verification
Cassandra HRobertson,14073412026,We are not accepting offers at this time thanks....,COLD,2,STANDARD - Basic address and property type verification
William OTome,17042481602,Report...,COLD,2,STANDARD - Basic address and property type verification
Kyrylo Fesenko,18126063409,"Yes, I'm still taking offers...",COLD,2,STANDARD - Basic address and property type verification
Jessica ARancher,19364470659,Mister I don't own any property there so ......,COLD,2,STANDARD - Basic address and property type verification
Katerina Coumbaros,19542052629,"For us to sell it we would need a figure of 6.5 million, otherwise it doesn't make sense for us...",COLD,2,STANDARD - Basic address and property type verification
Timmy CBurns,14075954864,You have the wrong number. Bye!...,COLD,2,STANDARD - Basic address and property type verification
George AMorgan,19544393501,"Not for sale.  TD Bank has delayed opening the branch, but they are paying rent.  Their lease is in ...",COLD,2,STANDARD - Basic address and property type verification
Charles FGaddy,12524231779,"I would love to talk with you about it, but since I had that run in with the ATF, I need to meet som...",COLD,2,STANDARD - Basic address and property type verification
Susan RMorris,14078323434,I'm available right now just speak if you would like to discuss the property. It is not on the marke...,COLD,2,STANDARD - Basic address and property type verification
Susan RMorris,14078323434,Susan Morris 407-832-3434...,COLD,2,STANDARD - Basic address and property type verification
Brad RWhite,18587753380,I wasn't planning on selling but if you want to send an offer over I'll see if I would entertain...,COLD,2,STANDARD - Basic address and property type verification
Gus JKakavitsas,17045603420,Send them my way...,COLD,2,STANDARD - Basic address and property type verification
Gus JKakavitsas,17045603420,Yes always open to real offers...,COLD,2,STANDARD - Basic address and property type verification
Anthony GAskowitz,13058079079,No thanks...,COLD,2,STANDARD - Basic address and property type verification
Frank EDixon,17047634671,Don't own this property....,COLD,2,STANDARD - Basic address and property type verification
Thayne RHansen,19196055908,No interest in selling...,COLD,2,STANDARD - Basic address and property type verification
Shahriar FEkbatani,14079299133,It will be ready to be marketed in another year once our food hall construction is finished...,COLD,2,STANDARD - Basic address and property type verification
Janet LMurphy,19044492423,Possible...,COLD,2,STANDARD - Basic address and property type verification
Geri LShanley,13522133379,In a lease for the next 7 yrs...,COLD,2,STANDARD - Basic address and property type verification
Carl EStoudemire,19047072027,under contract...,COLD,2,STANDARD - Basic address and property type verification
Ashu KLuthra,14074680099,Yes...,COLD,2,STANDARD - Basic address and property type verification
Kenneth AGruber,19736500379,It was never open to offers   And nobody ever asked or sent an offer...,COLD,2,STANDARD - Basic address and property type verification
Joseph DLargura,19048662622,What's your offer?...,COLD,2,STANDARD - Basic address and property type verification
Ronald VAbriolaJr.,14079288072,Right at this time not for sale but thanks for thinking of me...,COLD,2,STANDARD - Basic address and property type verification
Christopher MHalliday,14073831894,No...,COLD,2,STANDARD - Basic address and property type verification
Bo CKha,14076559458,Good morning! What price offer ?...,COLD,2,STANDARD - Basic address and property type verification
Scott WArant,14044067451,Still open...,COLD,2,STANDARD - Basic address and property type verification
Daniel WMoran,16464890072,"It would have to be a crazy offer, generates 425g a year in cash flow...",COLD,2,STANDARD - Basic address and property type verification
Robert EBridge,17274806767,"Yes, it's still on the market...",COLD,2,STANDARD - Basic address and property type verification
John HBray,17603156710,Wrong number...,COLD,2,STANDARD - Basic address and property type verification
Thomas MMatter,17275175800,...,COLD,2,STANDARD - Basic address and property type verification
Marianne SMalave,17272431028,Not for sale...,COLD,2,STANDARD - Basic address and property type verification
Justin LEmens,12392162607,"Kyle, we are going vertical now. We will accept offers at C.O. And near term stabilization. Thanks....",COLD,2,STANDARD - Basic address and property type verification
John RFodor,15082596804,Building now...,COLD,2,STANDARD - Basic address and property type verification
Mark WShamley,14077483792,"Sorry, you have the wrong number....",COLD,2,STANDARD - Basic address and property type verification
Pamela GLicht,14072340315,"Never thought about selling. If I get a ridicules price, that might move me....",COLD,2,STANDARD - Basic address and property type verification
Bassel JMaali,14073416446,Which one?...,COLD,2,STANDARD - Basic address and property type verification
Matthew WTang,14077218800,15000000.00...,COLD,2,STANDARD - Basic address and property type verification
Matthew WTang,14077218800,95 percent occupancy...,COLD,2,STANDARD - Basic address and property type verification
Asha NParikh,16785237167,40 million 9 acre...,COLD,2,STANDARD - Basic address and property type verification
Avishkar Singh,12404751061,Yes 16million...,COLD,2,STANDARD - Basic address and property type verification
Avishkar Singh,12404751061,Take it or leave it...,COLD,2,STANDARD - Basic address and property type verification
Robert LCospito,14073949195,Wrong number...,COLD,2,STANDARD - Basic address and property type verification
Barbara LSavino,14076873875,No plans on selling that it's bringing in too much money...,COLD,2,STANDARD - Basic address and property type verification
Juan CQuiroga,19802531206,Double fuck you asshole...,COLD,2,STANDARD - Basic address and property type verification
Denise LBarton,13212303099,Don't own that property...,COLD,2,STANDARD - Basic address and property type verification
Mariela LGellerJr.,19542741624,ü§¶üèª‚Äç‚ôÄÔ∏è...,COLD,2,STANDARD - Basic address and property type verification
Steven SellersSr.,19044768149,Not my property...,COLD,2,STANDARD - Basic address and property type verification
Utra DNauth,13472578912,It was never up for offers...,COLD,2,STANDARD - Basic address and property type verification
Eric NBresnick,15618460846,There is no vacant land if you did your research there is a beautiful cash cow there NO...,COLD,2,STANDARD - Basic address and property type verification
Eric NBresnick,15618460846,lol...,COLD,2,STANDARD - Basic address and property type verification
Bhupinder SSodhi,13865668761,Yes...,COLD,2,STANDARD - Basic address and property type verification
Andrew SEpstein,12398340307,Not me...,COLD,2,STANDARD - Basic address and property type verification
Vincent Chung,14074733887,What's your offer?...,COLD,2,STANDARD - Basic address and property type verification
,16466263383,This is Luca. Omar‚Äôs partner.  Feel free to reach out in reference to 7320 Byron ave...,COLD,2,STANDARD - Basic address and property type verification
Berouria Abergel,13059227119,Fraud...,COLD,2,STANDARD - Basic address and property type verification
Michael DBaumann,13057782005,Sailed and sold...,COLD,2,STANDARD - Basic address and property type verification
Reinier Acevedo,17863178986,...,COLD,2,STANDARD - Basic address and property type verification
Reinier Acevedo,17863178986,"yes, see attached...",COLD,2,STANDARD - Basic address and property type verification
Sheldon EGross,12672664517,We would consider every opportunity...,COLD,2,STANDARD - Basic address and property type verification
Walter RDefortuna,13054969790,You can make offers!...,COLD,2,STANDARD - Basic address and property type verification
Kenneth JJames,12145336036,Ship sailed...,COLD,2,STANDARD - Basic address and property type verification
Vivian ZDimond,13053389697,Sailed...,COLD,2,STANDARD - Basic address and property type verification
John APorreca,18137812265,Ship sailed...,COLD,2,STANDARD - Basic address and property type verification
David HBaldauf,17168300142,No interest in selling....,COLD,2,STANDARD - Basic address and property type verification
Rebekah MSnider,16785579134,Hi Kyle!  Our tenant ending up making an offer and closing on the sale....,COLD,2,STANDARD - Basic address and property type verification
Carlton BCook,14042295908,Have not sold it because it has good cash flow etc. If you have an amazing offer send it over and I'...,COLD,2,STANDARD - Basic address and property type verification
Devanand Mangar,18139096430,I am...,COLD,2,STANDARD - Basic address and property type verification
Devanand Mangar,18139096430,Ship has not sailed yet...,COLD,2,STANDARD - Basic address and property type verification
Christopher CCasper,18132054731,You‚Äôre looking to buy a rehab facility?...,COLD,2,STANDARD - Basic address and property type verification
Audley LRidley,19542610861,Not for sale yet...,COLD,2,STANDARD - Basic address and property type verification
Falguni BNaik,17327897648,Under contract...,COLD,2,STANDARD - Basic address and property type verification
James RBerkley,15085667311,Otherwise I'm not open to offers...,COLD,2,STANDARD - Basic address and property type verification
James RBerkley,15085667311,Appraised at $12mn 9 months ago and has more NOI now so I'd need $13-$14mn. $900k NOI with clear ups...,COLD,2,STANDARD - Basic address and property type verification
Eric WSellers,19192475326,"$7,499,000...",COLD,2,STANDARD - Basic address and property type verification
Marc MMoyal,19176672855,It's not for sale...,COLD,2,STANDARD - Basic address and property type verification
Andrew RBellamah,13016022039,Sailed...,COLD,2,STANDARD - Basic address and property type verification
Robert AJacobs,17274159999,No...,COLD,2,STANDARD - Basic address and property type verification
Thomas MGlavin,19043433517,Not mine...,COLD,2,STANDARD - Basic address and property type verification
Scott ISherman,19548154316,We are open to offers...,COLD,2,STANDARD - Basic address and property type verification
Michael HMcnaughton,16178698615,Not for sale...,COLD,2,STANDARD - Basic address and property type verification
Lea WTal,19149802122,Pass...,COLD,2,STANDARD - Basic address and property type verification
William THancock,17274395028,Sorry. Long term lease so not for sale...,COLD,2,STANDARD - Basic address and property type verification
A CPeruto,14846209038,Not mine...,COLD,2,STANDARD - Basic address and property type verification
Paul NGhattas,12154212770,Don't own that property wrong number...,COLD,2,STANDARD - Basic address and property type verification
Arvo OKatajisto,15613018170,The ship has sailed...,COLD,2,STANDARD - Basic address and property type verification
Forrest WSpeed,16784623897,Ownership is not open to offers.  Thanks....,COLD,2,STANDARD - Basic address and property type verification
Nicole BMatoushek,17274185361,You mean to buy the building ? Or to lease the commercial space ?...,COLD,2,STANDARD - Basic address and property type verification
Deborah SHanania,19046124385,Not for sale...,COLD,2,STANDARD - Basic address and property type verification
Talal EHilal,14077909978,Who are you what do about the property  Are you an investor Or just you need a listing...,COLD,2,STANDARD - Basic address and property type verification
Mark BHorrell,18172337360,What county is that?...,COLD,2,STANDARD - Basic address and property type verification
Mark HOsborne,17814135517,No affiliation...,COLD,2,STANDARD - Basic address and property type verification
Suzanne TCaplan,18136010674,Fuck off...,COLD,2,STANDARD - Basic address and property type verification
David Goldstein,18137651169,Thank you but not for sale....,COLD,2,STANDARD - Basic address and property type verification
Anil IValbh,14074488888,Yes  Check we paid for first so you know we bought in 2019 for $5.1 million land for hotel or condo ...,COLD,2,STANDARD - Basic address and property type verification
Christopher JSchmidt,17274527530,The fuck are you talking about?...,COLD,2,STANDARD - Basic address and property type verification
Joel CSilverfield,18133806001,7403?...,COLD,2,STANDARD - Basic address and property type verification
Bharatkumar RPatel,17274152969,Not mine ....,COLD,2,STANDARD - Basic address and property type verification
Robert DCheeley,17708614100,Not for sale....,COLD,2,STANDARD - Basic address and property type verification
Nirmla GMotwani,19548394927,No sorry can't sell it...,COLD,2,STANDARD - Basic address and property type verification
Benjamin Mallah,17278462363,1031save.com...,COLD,2,STANDARD - Basic address and property type verification
Alpesh NKhushal,14072475327,Hold the asset for now...,COLD,2,STANDARD - Basic address and property type verification
Anil PTumbapura,19194137091,Nope. Not for sale...,COLD,2,STANDARD - Basic address and property type verification
Patty BGriffin,19047710001,Not for sale...,COLD,2,STANDARD - Basic address and property type verification
Patty BGriffin,19047710001,This ship is gonna keep on selling...,COLD,2,STANDARD - Basic address and property type verification
Patty BGriffin,19047710001,Sailing...,COLD,2,STANDARD - Basic address and property type verification
Patty BGriffin,19047710001,"Unfortunately, it will never be for sale. It will be left to inheritance trust fund babies....",COLD,2,STANDARD - Basic address and property type verification
Angela CMcghee,12516234849,Junk...,COLD,2,STANDARD - Basic address and property type verification
Menachem MTiefenbrun,13479090597,Available for rent...,COLD,2,STANDARD - Basic address and property type verification
Gregory DMorris,19044513700,open...,COLD,2,STANDARD - Basic address and property type verification
Nicole JManning,19194545599,What was your proposal again?...,COLD,2,STANDARD - Basic address and property type verification
Dede GNichols,14789576490,Didn't know I had that property ???...,COLD,2,STANDARD - Basic address and property type verification
Brian ESchultz,12142646684,Sold...,COLD,2,STANDARD - Basic address and property type verification
Pamela FRoper,14047841216,Sorry wrong address...,COLD,2,STANDARD - Basic address and property type verification
Salvador FSerrano,13055259881,Never was...,COLD,2,STANDARD - Basic address and property type verification
Laurie UPetty,19043927052,Don't own this property...,COLD,2,STANDARD - Basic address and property type verification
Quentin MHodges,19194542819,I think you are confusing me with the storage property next door...,COLD,2,STANDARD - Basic address and property type verification
Pranay PParekh,19197577462,Who is this?...,COLD,2,STANDARD - Basic address and property type verification
Pranay PParekh,19197577462,This is hotel building...,COLD,2,STANDARD - Basic address and property type verification
Michael WStrickland,19193495703,What is your offer?...,COLD,2,STANDARD - Basic address and property type verification
Mark ASaada,19548228110,It was never for sale...,COLD,2,STANDARD - Basic address and property type verification
Lillian Rivero,13059156427,Not open to offers never has been !...,COLD,2,STANDARD - Basic address and property type verification
James MRosemurgy,19548035897,Not for sale...,COLD,2,STANDARD - Basic address and property type verification
Celeste MCasariego,19542750127,"It NEVER was for sale, nor will it be...",COLD,2,STANDARD - Basic address and property type verification
Bruce SRosenwater,15612711416,No...,COLD,2,STANDARD - Basic address and property type verification
James LSaada,19545583222,Send offers...,COLD,2,STANDARD - Basic address and property type verification
David Sao,19544830063,We've never had any interest in selling. Thank you....,COLD,2,STANDARD - Basic address and property type verification
Ighal Goldfarb,17862529215,Yes no prob...,COLD,2,STANDARD - Basic address and property type verification
Kimberly ARosemurgy,15617564482,Not for sale. Thank you...,COLD,2,STANDARD - Basic address and property type verification
Mary LNelson,17864472283,Ok...,COLD,2,STANDARD - Basic address and property type verification
John MCozma,19542141836,I am renting not selling...,COLD,2,STANDARD - Basic address and property type verification
Joyce EManiatopoulos,19176120155,It was never listed for sale...,COLD,2,STANDARD - Basic address and property type verification
Giancarlo MGutierrez,19546242728,Open to offers...,COLD,2,STANDARD - Basic address and property type verification
Samantha Monestime,13474862631,Keep me off ur call/text list !...,COLD,2,STANDARD - Basic address and property type verification
Carolyn Zegeer,19546822201,You have the wrong number. This is a private cell phone number....,COLD,2,STANDARD - Basic address and property type verification
Shirley TErazo,15613082295,Not for sale....,COLD,2,STANDARD - Basic address and property type verification
Louis HGurkin,13058151496,Are you local?...,COLD,2,STANDARD - Basic address and property type verification
Melissa Grasso,19176516241,What is your contact...,COLD,2,STANDARD - Basic address and property type verification
Melissa Grasso,19176516241,Kyle What type of off market Office buildings. Multifamily?...,COLD,2,STANDARD - Basic address and property type verification
,13363109065,hi...,COLD,2,STANDARD - Basic address and property type verification
,13363109065,hi hi...,COLD,2,STANDARD - Basic address and property type verification
,13363109065,yessss...,COLD,2,STANDARD - Basic address and property type verification
,13363109065,hi...,COLD,2,STANDARD - Basic address and property type verification
,13363109065,hi...,COLD,2,STANDARD - Basic address and property type verification
,13363109065,hi...,COLD,2,STANDARD - Basic address and property type verification
,13363109065,hi...,COLD,2,STANDARD - Basic address and property type verification
,13363109065,hello...,COLD,2,STANDARD - Basic address and property type verification
,13363109065,hi...,COLD,2,STANDARD - Basic address and property type verification
,13363109065,hi...,COLD,2,STANDARD - Basic address and property type verification
,13363109065,hi...,COLD,2,STANDARD - Basic address and property type verification
,13363109065,hi...,COLD,2,STANDARD - Basic address and property type verification
,13363109065,hi...,COLD,2,STANDARD - Basic address and property type verification
,13363109065,hi...,COLD,2,STANDARD - Basic address and property type verification
,13363109065,hi...,COLD,2,STANDARD - Basic address and property type verification
,13363109065,hi...,COLD,2,STANDARD - Basic address and property type verification
,13363109065,hi...,COLD,2,STANDARD - Basic address and property type verification
,13363109065,hi...,COLD,2,STANDARD - Basic address and property type verification
,13363109065,hih...,COLD,2,STANDARD - Basic address and property type verification
,13363109065,hih...,COLD,2,STANDARD - Basic address and property type verification
,13363109065,rderesaryatertrewa...,COLD,2,STANDARD - Basic address and property type verification
,13363109065,hello...,COLD,2,STANDARD - Basic address and property type verification
,13363109065,hi...,COLD,2,STANDARD - Basic address and property type verification
,13363109065,ioh...,COLD,2,STANDARD - Basic address and property type verification
,13363109065,hi...,COLD,2,STANDARD - Basic address and property type verification
,13363109065,hi...,COLD,2,STANDARD - Basic address and property type verification
,13363109065,hi...,COLD,2,STANDARD - Basic address and property type verification
,13363109065,hi...,COLD,2,STANDARD - Basic address and property type verification
,13363109065,hi...,COLD,2,STANDARD - Basic address and property type verification
,13363109065,hi...,COLD,2,STANDARD - Basic address and property type verification
,13363109065,hi...,COLD,2,STANDARD - Basic address and property type verification
,13363109065,hi...,COLD,2,STANDARD - Basic address and property type verification
,13363109065,hi...,COLD,2,STANDARD - Basic address and property type verification
,13363109065,fghsdgfhj...,COLD,2,STANDARD - Basic address and property type verification
,13363109065,hi...,COLD,2,STANDARD - Basic address and property type verification
,13363109065,ih...,COLD,2,STANDARD - Basic address and property type verification
,13363109065,hih...,COLD,2,STANDARD - Basic address and property type verification
,13363109065,hi...,COLD,2,STANDARD - Basic address and property type verification
,13363109065,hi...,COLD,2,STANDARD - Basic address and property type verification
,13363109065,hi...,COLD,2,STANDARD - Basic address and property type verification
,13363109065,hi...,COLD,2,STANDARD - Basic address and property type verification
,13363109065,dsgsdfgsdfgsdf...,COLD,2,STANDARD - Basic address and property type verification
,13363109065,hello...,COLD,2,STANDARD - Basic address and property type verification
,13363109065,helllo...,COLD,2,STANDARD - Basic address and property type verification
,13363109065,hello...,COLD,2,STANDARD - Basic address and property type verification
,13363109065,hello...,COLD,2,STANDARD - Basic address and property type verification
,13363109065,hi...,COLD,2,STANDARD - Basic address and property type verification
,13363109065,hi...,COLD,2,STANDARD - Basic address and property type verification
,13363109065,hi...,COLD,2,STANDARD - Basic address and property type verification
,13363109065,sdfgsdfgsdfg...,COLD,2,STANDARD - Basic address and property type verification
,13363109065,hi...,COLD,2,STANDARD - Basic address and property type verification
,13363109065,hi...,COLD,2,STANDARD - Basic address and property type verification
,13363109065,hi...,COLD,2,STANDARD - Basic address and property type verification
,13363109065,hi...,COLD,2,STANDARD - Basic address and property type verification
,13363109065,hi...,COLD,2,STANDARD - Basic address and property type verification
,13363109065,hi...,COLD,2,STANDARD - Basic address and property type verification
,13363109065,hi...,COLD,2,STANDARD - Basic address and property type verification
,13363109065,hi...,COLD,2,STANDARD - Basic address and property type verification
,13363109065,hihi...,COLD,2,STANDARD - Basic address and property type verification
,13363109065,hi...,COLD,2,STANDARD - Basic address and property type verification
,13363109065,gfdsgsdfgs...,COLD,2,STANDARD - Basic address and property type verification
,13363109065,dgfhdjgf...,COLD,2,STANDARD - Basic address and property type verification
,13363109065,hi...,COLD,2,STANDARD - Basic address and property type verification
,13363109065,hi...,COLD,2,STANDARD - Basic address and property type verification
,13363109065,hi...,COLD,2,STANDARD - Basic address and property type verification
,13363109065,hi...,COLD,2,STANDARD - Basic address and property type verification
,13363109065,hi...,COLD,2,STANDARD - Basic address and property type verification
,13363109065,go...,COLD,2,STANDARD - Basic address and property type verification
,13363109065,hello...,COLD,2,STANDARD - Basic address and property type verification
,13363109065,hello...,COLD,2,STANDARD - Basic address and property type verification
,13363109065,hello...,COLD,2,STANDARD - Basic address and property type verification
,18106569539,That's great but don't include silly remarks and crown and oaks name in a text. I worry about accide...,COLD,2,STANDARD - Basic address and property type verification
,18106569539,No fuckin waaay...,COLD,2,STANDARD - Basic address and property type verification
,13365884815,Hello...,COLD,2,STANDARD - Basic address and property type verification
,13365086695,Hello...,COLD,2,STANDARD - Basic address and property type verification
Robyn Andersen,12083123226,What specific assets class?...,COLD,2,STANDARD - Basic address and property type verification
Vivek NMehta,19733328797,Yes...,COLD,2,STANDARD - Basic address and property type verification
Amy MRoberts,12104107410,Wrong number...,COLD,2,STANDARD - Basic address and property type verification
Fernando SGodinez,12108610206,Never have considered selling.  Thanks....,COLD,2,STANDARD - Basic address and property type verification
AmithaKKadakol,19404470077,Who are you...,COLD,2,STANDARD - Basic address and property type verification
Carmine LiBretti,16318791814,Hi Kyle I have 18k SF on 1.2 acres in Bayshore. 16' clear 5% office 3 drive ins one dock oil heat....,COLD,2,STANDARD - Basic address and property type verification
Brian Banilivy,15164470111,What kind of deals?...,COLD,2,STANDARD - Basic address and property type verification
Elya Kahn,13477605875,Ek@rcapgrp.com...,COLD,2,STANDARD - Basic address and property type verification
Michael Turkowitz,15165322517,I also work in the commercial insurance space as well if theres anything I can look at would be grat...,COLD,2,STANDARD - Basic address and property type verification
Michael Turkowitz,15165322517,Hey how are you? What specifically are you guys looking for?...,COLD,2,STANDARD - Basic address and property type verification
David Williams,14133649757,Residential or commercial? Which asset class? Budget? Returns?...,COLD,2,STANDARD - Basic address and property type verification
Jonathon Cummings,17164183432,"Hi Kyle, what kinds of properties are you looking for and where?...",COLD,2,STANDARD - Basic address and property type verification
Joe Grogan,19086709051,Hey Kyle how are you?? Sure let me know what you're looking for happy to hop on a call...,COLD,2,STANDARD - Basic address and property type verification
Kevin Barksdale,14054887627,Bet...,COLD,2,STANDARD - Basic address and property type verification
Jay EKrigsman,17147435020,Who is this...,COLD,2,STANDARD - Basic address and property type verification
Leslie JDurbin,13053048469,It will be available sept 1. Who is this?...,COLD,2,STANDARD - Basic address and property type verification
Nohra AGagliardi,17864234694,Sailed in April...,COLD,2,STANDARD - Basic address and property type verification
Bonnie LMorrow,17724863468,Wrong #...,COLD,2,STANDARD - Basic address and property type verification
Paul JKarram,19543043877,I wouldn't say ship has sailed. I would just say I want a ridiculous amount you need to bring anothe...,COLD,2,STANDARD - Basic address and property type verification
Paul JKarram,19543043877,Have a nice day...,COLD,2,STANDARD - Basic address and property type verification
Nadav DFields,19545318150,Sold last year...,COLD,2,STANDARD - Basic address and property type verification
Anthony MGironta,13475582393,Yes I have an offer already going through diligence...,COLD,2,STANDARD - Basic address and property type verification
Nissim NOhayon,19547890104,Send offer...,COLD,2,STANDARD - Basic address and property type verification
Lawrence BSchechter,15616132795,There is no ship...,COLD,2,STANDARD - Basic address and property type verification
Joseph RPaolinoJr.,14012417000,"go ahead , give an offer...",COLD,2,STANDARD - Basic address and property type verification
Sonja AHouston,19546638906,Contact 561-996-8010...,COLD,2,STANDARD - Basic address and property type verification
BrentRHeigold,13233765194,"Hi, yes still open to offers....",COLD,2,STANDARD - Basic address and property type verification
William DGurkin,15124230521,No thanks...,COLD,2,STANDARD - Basic address and property type verification
Michael SMorgan,17132983804,Not me...,COLD,2,STANDARD - Basic address and property type verification
Jared MGossett,15124226216,Wrong person don't own that property...,COLD,2,STANDARD - Basic address and property type verification
Larry SDavis,17133858401,Sailed long ago. We already have infrastructure in and are ready to build 33 townhomes....,COLD,2,STANDARD - Basic address and property type verification
VeronicaMBalconi,16234324552,No...,COLD,2,STANDARD - Basic address and property type verification
Gloria Lam,15122894687,Hello. Who is this? Thanks...,COLD,2,STANDARD - Basic address and property type verification
Omid Kalantari,13107705107,Yes...,COLD,2,STANDARD - Basic address and property type verification
Melissa CKeyes,19046166425,Apartment 2 is available for rent....,COLD,2,STANDARD - Basic address and property type verification
Yechiel Levy,17154172839,100$cash app...,COLD,2,STANDARD - Basic address and property type verification
Ryan MJeffreys,15163123387,As long as it's over 15 Mill. Otherwise it's a waste of time...,COLD,2,STANDARD - Basic address and property type verification
KevinJCampbell,17046549188,Try next yr...,COLD,2,STANDARD - Basic address and property type verification
Walter ADyer,17035818674,It's in a portfolio.  We'll exit everything when it goes.  My partner would probably entertain an of...,COLD,2,STANDARD - Basic address and property type verification
BillyFMotes,19043181619,"Yeah, I'll take off on it...",COLD,2,STANDARD - Basic address and property type verification
Traian Ghit,17047267550,No...,COLD,2,STANDARD - Basic address and property type verification
Daniel JMatyi,19047044305,Whose asking ?! Don't give Info to blank Texts! Properties too valuable casual unidentified Inquiyrs...,COLD,2,STANDARD - Basic address and property type verification
OmarTGaither,19804223134,What would you offer?...,COLD,2,STANDARD - Basic address and property type verification
Vivian ZDimond,13053389697,Sailed...,COLD,2,STANDARD - Basic address and property type verification
Mark GSablow,19047035922,Who is this? You are you trying to reach?...,COLD,2,STANDARD - Basic address and property type verification
David ADorsch,17046088978,No looking to sell...,COLD,2,STANDARD - Basic address and property type verification
TonyaYBoyd,18034672642,NO...,COLD,2,STANDARD - Basic address and property type verification
Jared DRemington,18013607755,Would entertain offer from strong developer. It's a land property....,COLD,2,STANDARD - Basic address and property type verification
Austin Hammonds,14077654037,Hi thanks for reaching out. Open to offers above my last one of $6.5m. Thanks...,COLD,2,STANDARD - Basic address and property type verification
Michael CAdrian,17043901038,Not at this time. Thank you....,COLD,2,STANDARD - Basic address and property type verification
James KCowanJr.,15409511768,I have no idea who you are. I don't own this property....,COLD,2,STANDARD - Basic address and property type verification
Alexander NEndlein,14079235871,Hello. Are you looking to rent a unit at this address?...,COLD,2,STANDARD - Basic address and property type verification
Christopher MLento,16178772051,"We still own it, and we're open to offers....",COLD,2,STANDARD - Basic address and property type verification
BruceAKatzman,18186135252,You have a wrong number. Never heard of it...,COLD,2,STANDARD - Basic address and property type verification
Jessica CCole,19048918026,"Not actively looking for offers, but if you have a number, I would be willing to listen. What did yo...",COLD,2,STANDARD - Basic address and property type verification
AutumnFToumbis,19045047767,It's for sale so please contact listing agent. Thanks!...,COLD,2,STANDARD - Basic address and property type verification
Marcelo AHalpern,17043777004,"7,125,000...",COLD,2,STANDARD - Basic address and property type verification
PaulLLeighton,13869868690,What?...,COLD,2,STANDARD - Basic address and property type verification
Hunter CBick,17048080757,John Neal Manning‚Ä®Sr. Managing Director | Investment Sales‚Ä®mailto:jmanning@greysteel.com O/¬†919.238....,COLD,2,STANDARD - Basic address and property type verification
Hunter CBick,17048080757,Talk to this guy:...,COLD,2,STANDARD - Basic address and property type verification
Robert DJennings,12036101242,Always open to offers. Let me know who you are and confirm your finances and I'll be happy to discus...,COLD,2,STANDARD - Basic address and property type verification
Robert GSavarese,19044771191,No thx. üö¢...,COLD,2,STANDARD - Basic address and property type verification
Mark SLerner,15159880831,Wrong number...,COLD,2,STANDARD - Basic address and property type verification
Asghar SMemarzadeh,14049647449,I'm Driving  - Sent from My Car...,COLD,2,STANDARD - Basic address and property type verification
Sabina JGeraci,19044953374,Yes I am ready!...,COLD,2,STANDARD - Basic address and property type verification
Sally ASuslak,19047074373,Never has been for sale in the 20+ years we have owned  it  FYI  I am a licensed real estate broker ...,COLD,2,STANDARD - Basic address and property type verification
Ammie LBoutwell,19044423758,No...,COLD,2,STANDARD - Basic address and property type verification
Carlos AYepes,17274638686,Wrong person...,COLD,2,STANDARD - Basic address and property type verification
Ewa Weston,13218480098,Wrong Number...,COLD,2,STANDARD - Basic address and property type verification
William DCornwellJr.,17046175056,Not interested in selling...,OPT_OUT,1,STANDARD - Basic address and property type verification
Michael LGriffin,17045335781,STOP...,OPT_OUT,1,STANDARD - Basic address and property type verification
Veronica JCatoe,19044764758,Stop...,OPT_OUT,1,STANDARD - Basic address and property type verification
Nancy AHoffman,15129139107,Stop...,OPT_OUT,1,STANDARD - Basic address and property type verification
Sandra Knight,19402064843,Stop...,OPT_OUT,1,STANDARD - Basic address and property type verification
Hans LLengers,17046143012,We are still not interested in selling but thx for your inquiry!...,OPT_OUT,1,STANDARD - Basic address and property type verification
Bernetta JRucker,12143845569,We're not interested in selling Sand Pebble at this time....,OPT_OUT,1,STANDARD - Basic address and property type verification
Alan GBayard,17062071715,Not interested....,OPT_OUT,1,STANDARD - Basic address and property type verification
Nathan NTucker,18176140412,Stop...,OPT_OUT,1,STANDARD - Basic address and property type verification
Kandyka KCoben,12108729421,Not interested in selling at the current time. Thank you anyway....,OPT_OUT,1,STANDARD - Basic address and property type verification
Todd RWhittington,18649934616,Stop...,OPT_OUT,1,STANDARD - Basic address and property type verification
Kelly RMcmaster,12108841636,Stop...,OPT_OUT,1,STANDARD - Basic address and property type verification
Raymond EGibson,12105350703,Stop...,OPT_OUT,1,STANDARD - Basic address and property type verification
Raymond EGibson,12105350703,Stop...,OPT_OUT,1,STANDARD - Basic address and property type verification
John TMoore,18033203022,STOP...,OPT_OUT,1,STANDARD - Basic address and property type verification
Ruben TMartinez,12104150995,Stop...,OPT_OUT,1,STANDARD - Basic address and property type verification
Lynsey CBlair,18172534057,STOP...,OPT_OUT,1,STANDARD - Basic address and property type verification
Jeffrey SLeneave,17045332798,Always open to offers. Not interested in a lease back. Just a cash offer....,OPT_OUT,1,STANDARD - Basic address and property type verification
Carrie EPoliquin,19495005453,Stop...,OPT_OUT,1,STANDARD - Basic address and property type verification
Sally EGreen,17049040085,Stop...,OPT_OUT,1,STANDARD - Basic address and property type verification
Sandra LStewart,17045169049,Please remove my number I don't own this property and never have....,OPT_OUT,1,STANDARD - Basic address and property type verification
Harinderjit KSingh,17062844301,Not interested...,OPT_OUT,1,STANDARD - Basic address and property type verification
Tara EReifsnider,13365773825,STOP...,OPT_OUT,1,STANDARD - Basic address and property type verification
Johnny CMartin,18179750527,If you need a place to lease. Not interested in selling....,OPT_OUT,1,STANDARD - Basic address and property type verification
Thomas JColven,12149348708,Wrong number. Please remove from your database...,OPT_OUT,1,STANDARD - Basic address and property type verification
Lauren EMartinez,12108184248,That's not even my address. Please leave me alone....,OPT_OUT,1,STANDARD - Basic address and property type verification
Alexandra AGosselin,19544519766,Stop...,OPT_OUT,1,STANDARD - Basic address and property type verification
Ronald CRoot,19049102394,Not interested. You couldn't afford it....,OPT_OUT,1,STANDARD - Basic address and property type verification
Alicia LMongalo,13106000040,Stop...,OPT_OUT,1,STANDARD - Basic address and property type verification
Seth ABame,12145789172,Stop...,OPT_OUT,1,STANDARD - Basic address and property type verification
Raina APuthawala,14845151743,Please stop bothering me. I have no idea what you're talking about. This is harassment and I need to...,OPT_OUT,1,STANDARD - Basic address and property type verification
Daniel Rouach,19173927123,stop...,OPT_OUT,1,STANDARD - Basic address and property type verification
Christine LTeagle,19728976402,Owner not interested in selling....,OPT_OUT,1,STANDARD - Basic address and property type verification
Asa CCascavilla,12144176466,Stop...,OPT_OUT,1,STANDARD - Basic address and property type verification
Amen OAkpunku,18179873924,Stop...,OPT_OUT,1,STANDARD - Basic address and property type verification
Madison LLaberdee,17343477131,Stop...,OPT_OUT,1,STANDARD - Basic address and property type verification
Michelle SGrandt,15124319487,Stop...,OPT_OUT,1,STANDARD - Basic address and property type verification
Thomas RChristensen,19143187313,Not interested...,OPT_OUT,1,STANDARD - Basic address and property type verification
Roberto RAlvarez,14063963403,Not interested...,OPT_OUT,1,STANDARD - Basic address and property type verification
Kenneth LTann,12816823539,Stop...,OPT_OUT,1,STANDARD - Basic address and property type verification
Rahim NKurji,12147231234,Stop...,OPT_OUT,1,STANDARD - Basic address and property type verification
Sharon MChapman,17274249006,Stop...,OPT_OUT,1,STANDARD - Basic address and property type verification
Kevin SCarlan,17276391066,We use the bldg as our regional HQ and are not interested in a lease. Thank you...,OPT_OUT,1,STANDARD - Basic address and property type verification
Jamal ABahabri,17044080618,Stop...,OPT_OUT,1,STANDARD - Basic address and property type verification
Mark JFreitag,19703432687,Stop...,OPT_OUT,1,STANDARD - Basic address and property type verification
Norman MBrothers,14048490387,Stop...,OPT_OUT,1,STANDARD - Basic address and property type verification
Sabrina LThornburg,14077161525,Stop...,OPT_OUT,1,STANDARD - Basic address and property type verification
Warren PWeiser,17863676442,Stop...,OPT_OUT,1,STANDARD - Basic address and property type verification
Charles JKrobotIII,19172398400,Stop...,OPT_OUT,1,STANDARD - Basic address and property type verification
William OTome,17042481602,Stop...,OPT_OUT,1,STANDARD - Basic address and property type verification
Jessica ARancher,19364470659,Stop...,OPT_OUT,1,STANDARD - Basic address and property type verification
Michelle LRader,19048665111,Stop...,OPT_OUT,1,STANDARD - Basic address and property type verification
Joaquin ELuaces,17862822177,Not interested in selling...,OPT_OUT,1,STANDARD - Basic address and property type verification
Ivette EValakos,14079255982,Stop...,OPT_OUT,1,STANDARD - Basic address and property type verification
Lynn CAddiscott,14074218879,STOP...,OPT_OUT,1,STANDARD - Basic address and property type verification
Kristin MThompson,19042545545,STOP...,OPT_OUT,1,STANDARD - Basic address and property type verification
Rihab SHadied,12483214700,Not interested  To sale...,OPT_OUT,1,STANDARD - Basic address and property type verification
James KBriggs,14234442636,Stop...,OPT_OUT,1,STANDARD - Basic address and property type verification
Joy AAshlock,14074931372,Stop...,OPT_OUT,1,STANDARD - Basic address and property type verification
Debbe RChalifoux,14079085732,STOP...,OPT_OUT,1,STANDARD - Basic address and property type verification
Tamara PMarshall,14072479204,Sorry. Not interested....,OPT_OUT,1,STANDARD - Basic address and property type verification
Mauro BBranco,14074679799,Stop...,OPT_OUT,1,STANDARD - Basic address and property type verification
Reinier Acevedo,17863178986,stop...,OPT_OUT,1,STANDARD - Basic address and property type verification
Joseph ASutton,19544390694,Stop...,OPT_OUT,1,STANDARD - Basic address and property type verification
Michael TWestfall,14046647456,Stop...,OPT_OUT,1,STANDARD - Basic address and property type verification
George WDanford,15172023555,Stop...,OPT_OUT,1,STANDARD - Basic address and property type verification
Deborah SHanania,19046124385,STOP...,OPT_OUT,1,STANDARD - Basic address and property type verification
Scott ALiebman,16179224632,Unsubscribe...,OPT_OUT,1,STANDARD - Basic address and property type verification
Lucila LLopez,18133823030,STOP...,OPT_OUT,1,STANDARD - Basic address and property type verification
Mark HOsborne,17814135517,Please remove my info...,OPT_OUT,1,STANDARD - Basic address and property type verification
Randall ABono,19412847205,Stop...,OPT_OUT,1,STANDARD - Basic address and property type verification
Marni JKarazulas,17704015699,Stop...,OPT_OUT,1,STANDARD - Basic address and property type verification
Lawrence BPitt,13212875178,That property is not on the market and we are not interested in selling it...,OPT_OUT,1,STANDARD - Basic address and property type verification
Dev RMotwani,19173193090,Stop...,OPT_OUT,1,STANDARD - Basic address and property type verification
Jeffrey FDimodica,17817387811,Wrong number stop...,OPT_OUT,1,STANDARD - Basic address and property type verification
Joan MBaker,19193499189,Stop...,OPT_OUT,1,STANDARD - Basic address and property type verification
Naftali YWeinberger,17327730257,We don't own it. Please stop texting me....,OPT_OUT,1,STANDARD - Basic address and property type verification
Devesh Jain,16784671711,Stop...,OPT_OUT,1,STANDARD - Basic address and property type verification
Victor ATorres,17863909580,Not interested in selling the bldg .. Thank you...,OPT_OUT,1,STANDARD - Basic address and property type verification
Jeffrey SAnthony,16262749866,Stop...,OPT_OUT,1,STANDARD - Basic address and property type verification
Rafael Yehoshua,15169675519,Stop...,OPT_OUT,1,STANDARD - Basic address and property type verification
Marianna Mattam,13059756051,Stop...,OPT_OUT,1,STANDARD - Basic address and property type verification
Shirley TErazo,15613082295,Stop...,OPT_OUT,1,STANDARD - Basic address and property type verification
Michie CWhite,18177736635,STOP...,OPT_OUT,1,STANDARD - Basic address and property type verification
Harry HZuker,15612390246,Stop...,OPT_OUT,1,STANDARD - Basic address and property type verification
Anne AAgostini,19546551067,Stop...,OPT_OUT,1,STANDARD - Basic address and property type verification
Sapna Premji,17327787950,Stop...,OPT_OUT,1,STANDARD - Basic address and property type verification
Ronnie LFelder,15616708701,Stop...,OPT_OUT,1,STANDARD - Basic address and property type verification
Sarah LWolf,19192800277,Stop...,OPT_OUT,1,STANDARD - Basic address and property type verification
Shelayne DSutton,19196127800,STOP...,OPT_OUT,1,STANDARD - Basic address and property type verification
Vivek NMehta,19733328797,STOP...,OPT_OUT,1,STANDARD - Basic address and property type verification
Amy MRoberts,12104107410,Stop...,OPT_OUT,1,STANDARD - Basic address and property type verification
AltonRSmith,18067871211,STOP...,OPT_OUT,1,STANDARD - Basic address and property type verification
HeleneGMayer,13233530066,Stop...,OPT_OUT,1,STANDARD - Basic address and property type verification
Christine LTeagle,19728976402,Ownership not interested in selling. Thank you...,OPT_OUT,1,STANDARD - Basic address and property type verification
Viren PShah,18178743536,STOP...,OPT_OUT,1,STANDARD - Basic address and property type verification
Stephen PChacko,12024223853,STOP...,OPT_OUT,1,STANDARD - Basic address and property type verification
Susan EJones,16198860440,Stop...,OPT_OUT,1,STANDARD - Basic address and property type verification
KimTLe,14083581231,Stop...,OPT_OUT,1,STANDARD - Basic address and property type verification
JeromeMWalker,14062104374,Stop...,OPT_OUT,1,STANDARD - Basic address and property type verification
RobertJDelong,13038829039,Not interested in selling...,OPT_OUT,1,STANDARD - Basic address and property type verification
IvanettaDSamuels,16157158879,Stop...,OPT_OUT,1,STANDARD - Basic address and property type verification
Justin MSwartz,19176050288,STOP...,OPT_OUT,1,STANDARD - Basic address and property type verification
Ramon Quezada,16266957546,STOP...,OPT_OUT,1,STANDARD - Basic address and property type verification
Annette MSciarrone,17326733321,Stop...,OPT_OUT,1,STANDARD - Basic address and property type verification
PergunnarJMartinss,15129552515,STOP...,OPT_OUT,1,STANDARD - Basic address and property type verification
Christina TBruggeman,16143251205,Stop...,OPT_OUT,1,STANDARD - Basic address and property type verification
Omid Kalantari,13107705107,Stop...,OPT_OUT,1,STANDARD - Basic address and property type verification
Randy BWerhane,15126584978,STOP....,OPT_OUT,1,STANDARD - Basic address and property type verification
DebraZAbraham,16023866319,Stop...,OPT_OUT,1,STANDARD - Basic address and property type verification
BruceLSandy,15136006151,Stop...,OPT_OUT,1,STANDARD - Basic address and property type verification
Walter ADyer,17035818674,It's 985 units on 75 acres of land with metro stops at both ends of the property.  We also on an adj...,OPT_OUT,1,STANDARD - Basic address and property type verification
OscarTAviles,18033094256,Stop...,OPT_OUT,1,STANDARD - Basic address and property type verification
Thomas RLawing,17045347769,Stop...,OPT_OUT,1,STANDARD - Basic address and property type verification
PardeepKGogna,14079281452,"Hello,  Alhambra Sale - 1.6 M 8 bedroom & 8 bathrooms 0.8 acre land next to commercial properties  B...",OPT_OUT,1,STANDARD - Basic address and property type verification
GeorgeSWarren,17045602373,Stop...,OPT_OUT,1,STANDARD - Basic address and property type verification
Shana RRosengarten,13109909992,Stop...,OPT_OUT,1,STANDARD - Basic address and property type verification
Courtney ZMccarthy,16175956028,Leave me alone...,OPT_OUT,1,STANDARD - Basic address and property type verification